序号,样本点数据
0,2.116959558
1,2.118227609
2,2.120711711
3,2.119566319
4,2.11768522
5,2.118841609
6,2.119191524
7,2.118248528
8,2.119133651
9,2.119425557
10,2.119546761
11,2.118793657
12,2.118740303
13,2.11785304
14,2.119915793
15,2.120789394
16,2.116784824
17,2.114440033
18,2.119513838
19,2.117038873
20,2.122502609
21,2.118487734
22,2.113726789
23,2.116433132
24,2.117229071
25,2.117408252
26,2.120111132
27,2.119034081
28,2.118558505
29,2.118551502
30,2.11926552
31,2.120042504
32,2.118565466
33,2.118745257
34,2.119969283
35,2.119563781
36,2.118291724
37,2.118626143
38,2.120159163
39,2.116384947
40,2.118550513
41,2.11229505
42,2.111673539
43,2.112142882
44,2.108728828
45,2.113907023
46,2.113973883
47,2.118000442
48,2.115870115
49,2.116679794
50,2.118372189
51,2.118405763
52,2.117690699
53,2.116705008
54,2.117824322
55,2.117116184
56,2.117810543
57,2.11853918
58,2.1182798
59,2.119994094
60,2.11666687
61,2.116712739
62,2.119337966
63,2.115850777
64,2.113918122
65,2.115002617
66,2.114867038
67,2.112940004
68,2.111558794
69,2.111923125
70,2.112429133
71,2.112028533
72,2.109936259
73,2.108711602
74,2.108918638
75,2.109479624
76,2.109498863
77,2.108712146
78,2.108524097
79,2.109682244
80,2.107829776
81,2.109196149
82,2.107986881
83,2.106567267
84,2.10732116
85,2.107721425
86,2.106950833
87,2.105716617
88,2.104954676
89,2.104244478
90,2.105158057
91,2.103640602
92,2.102932609
93,2.101542894
94,2.098503904
95,2.104697439
96,2.102547827
97,2.097734921
98,2.101212758
99,2.101978664
100,2.102014908
101,2.10503307
102,2.103455224
103,2.103950231
104,2.10662431
105,2.104231527
106,2.105681346
107,2.10744644
108,2.107392895
109,2.10591042
110,2.107656847
111,2.10658775
112,2.106636577
113,2.106168745
114,2.105704192
115,2.104007918
116,2.105663531
117,2.09957913
118,2.105412858
119,2.096592441
120,2.094760223
121,2.092966281
122,2.094074982
123,2.097652191
124,2.100012744
125,2.103498813
126,2.105417011
127,2.106011627
128,2.105090447
129,2.105503909
130,2.106768933
131,2.106578238
132,2.105912947
133,2.104685067
134,2.106723824
135,2.105344246
136,2.106531326
137,2.10398228
138,2.105341164
139,2.103639553
140,2.103204177
141,2.103989404
142,2.101815831
143,2.106357223
144,2.098511581
145,2.10206507
146,2.102507642
147,2.102827779
148,2.102152242
149,2.102145556
150,2.10346023
151,2.102182915
152,2.102533985
153,2.10242054
154,2.10315886
155,2.10141332
156,2.10229884
157,2.102849889
158,2.102220114
159,2.103197772
160,2.10361743
161,2.101802133
162,2.102711922
163,2.101812694
164,2.100528164
165,2.101123888
166,2.098586471
167,2.097687684
168,2.101209572
169,2.095619612
170,2.096743991
171,2.095682403
172,2.101837446
173,2.098981291
174,2.093508767
175,2.099786121
176,2.100176733
177,2.099797797
178,2.100250498
179,2.09991969
180,2.100067378
181,2.099928148
182,2.102501747
183,2.098774645
184,2.099300866
185,2.099226709
186,2.097761217
187,2.096657762
188,2.095853375
189,2.095575312
190,2.095448683
191,2.094133384
192,2.090707819
193,2.089501101
194,2.085313474
195,2.085393719
196,2.084542938
197,2.083568228
198,2.084337385
199,2.085196242
200,2.081987408
201,2.08286511
202,2.080522635
203,2.080597282
204,2.079072144
205,2.077457509
206,2.078476711
207,2.077613369
208,2.07710733
209,2.076730864
210,2.07655724
211,2.076274692
212,2.075707687
213,2.074657078
214,2.076327077
215,2.075668861
216,2.07344975
217,2.059430687
218,2.071254791
219,2.07017675
220,2.069156221
221,2.068049372
222,2.068527307
223,2.070905007
224,2.071930992
225,2.073753146
226,2.075074736
227,2.074763929
228,2.07496783
229,2.075799502
230,2.075849478
231,2.076591976
232,2.075717526
233,2.07571432
234,2.07593374
235,2.074798919
236,2.075476169
237,2.075158895
238,2.075253037
239,2.074759831
240,2.07425051
241,2.077339781
242,2.074041308
243,2.074716309
244,2.073335278
245,2.074480947
246,2.074036635
247,2.073853309
248,2.080208071
249,2.080553503
250,2.076487736
251,2.072137292
252,2.073111899
253,2.072667923
254,2.071395123
255,2.0714834
256,2.073451043
257,2.072863243
258,2.072944722
259,2.071776096
260,2.072587037
261,2.071363695
262,2.072675163
263,2.071853857
264,2.071096518
265,2.070901189
266,2.069984117
267,2.069970165
268,2.068595128
269,2.066157327
270,2.067996111
271,2.063796032
272,2.067271391
273,2.067342655
274,2.067854988
275,2.068763114
276,2.070048057
277,2.070047075
278,2.069096272
279,2.07022915
280,2.070085907
281,2.069902913
282,2.070097252
283,2.069862527
284,2.06994204
285,2.069102011
286,2.069790751
287,2.070977584
288,2.07205151
289,2.071351166
290,2.06908895
291,2.067131997
292,2.068124675
293,2.066916734
294,2.063785575
295,2.067538249
296,2.067280109
297,2.068387411
298,2.067918241
299,2.068276761
300,2.068487028
301,2.068556874
302,2.068280827
303,2.068373477
304,2.066111583
305,2.066520775
306,2.064659427
307,2.064505338
308,2.064619597
309,2.063402584
310,2.064301197
311,2.06107314
312,2.062623085
313,2.061780225
314,2.061209171
315,2.057282922
316,2.056064435
317,2.058891854
318,2.057650054
319,2.043772315
320,2.050951097
321,2.051367108
322,2.051187938
323,2.049807495
324,2.049097452
325,2.048836062
326,2.048403343
327,2.048149083
328,2.048949509
329,2.047397761
330,2.045208834
331,2.0445821
332,2.044134859
333,2.044082228
334,2.043849839
335,2.042592062
336,2.041534581
337,2.041841367
338,2.041649287
339,2.041575752
340,2.04466145
341,2.036342128
342,2.030002491
343,2.034254814
344,2.027637918
345,2.032400875
346,2.022468631
347,2.03321026
348,2.031442048
349,2.02922887
350,2.033950827
351,2.034548983
352,2.033998993
353,2.03342738
354,2.033094367
355,2.032988103
356,2.032174703
357,2.03185332
358,2.032336697
359,2.030617599
360,2.029673683
361,2.029230111
362,2.028762858
363,2.029762376
364,2.027955939
365,2.026972382
366,2.026675415
367,2.02557043
368,2.023383581
369,2.023060584
370,2.02313527
371,2.023321557
372,2.023205765
373,2.023288039
374,2.023414429
375,2.021107619
376,2.02266281
377,2.02178249
378,2.023107326
379,2.021021442
380,2.020860459
381,2.021146089
382,2.02040282
383,2.019455012
384,2.017439459
385,2.020066589
386,2.017225511
387,2.017017331
388,2.016986228
389,2.015665753
390,2.011770692
391,2.013060436
392,2.008534275
393,2.010948207
394,2.005991249
395,2.016837323
396,2.011810742
397,2.010546043
398,2.010438441
399,2.011046115
400,2.012520534
401,2.011852451
402,2.011870605
403,2.010132511
404,2.011127232
405,2.009480143
406,2.009768216
407,2.008715695
408,2.007439813
409,2.007225746
410,2.00663393
411,2.00623836
412,2.006945271
413,2.004878628
414,2.00436
415,2.003947208
416,2.003288424
417,2.002699809
418,1.999754925
419,2.000771414
420,2.001101394
421,1.999502801
422,1.999340034
423,1.999524059
424,1.998475298
425,1.999794139
426,1.999268569
427,1.998733239
428,2.000002802
429,2.001765481
430,1.999544017
431,1.998881153
432,1.99804226
433,1.998329396
434,1.997759547
435,1.998234549
436,1.997516422
437,1.998478752
438,1.997001253
439,1.996940049
440,2.000436511
441,1.992987879
442,1.993191989
443,1.9957534
444,1.992192632
445,1.993251579
446,1.993744927
447,1.992413285
448,1.993202573
449,1.993126241
450,1.993354025
451,1.994441732
452,1.994950356
453,1.995506519
454,1.994479387
455,1.994510606
456,1.994710589
457,1.994039933
458,1.996391799
459,1.994601085
460,1.99436078
461,1.994739609
462,1.993063685
463,1.994329866
464,1.993519387
465,1.994448033
466,1.993523168
467,1.991362408
468,1.99062445
469,1.986481931
470,1.988629032
471,1.98503251
472,1.983722219
473,1.993181545
474,1.992410272
475,1.993199062
476,1.993262396
477,1.994050237
478,1.992926561
479,1.992970063
480,1.994296067
481,1.994139005
482,1.993485797
483,1.993174401
484,1.99317377
485,1.992091836
486,1.993552593
487,1.994905756
488,1.993625679
489,1.99396901
490,1.989714138
491,1.990753041
492,1.984225867
493,1.987980367
494,1.990226269
495,1.985011661
496,1.983223692
497,1.986876689
498,1.987389895
499,1.987621462
500,1.94325872
501,1.944168492
502,1.943796771
503,1.943521585
504,1.944156911
505,1.943288335
506,1.942584988
507,1.943423703
508,1.942833027
509,1.942598824
510,1.942463947
511,1.9418828
512,1.942674782
513,1.942301358
514,1.941726417
515,1.943100189
516,1.940712248
517,1.935560723
518,1.929604785
519,1.936124316
520,1.932750625
521,1.937651074
522,1.937694356
523,1.93927944
524,1.939270106
525,1.939950596
526,1.940133388
527,1.940982615
528,1.941262243
529,1.940529894
530,1.940037671
531,1.940097989
532,1.940430062
533,1.940236951
534,1.940880676
535,1.940707174
536,1.940562934
537,1.940383126
538,1.941133489
539,1.940981864
540,1.940285465
541,1.93641643
542,1.930589802
543,1.93323124
544,1.93236449
545,1.931776092
546,1.936843869
547,1.93667366
548,1.938596324
549,1.938328901
550,1.939523255
551,1.940249343
552,1.939257968
553,1.939694119
554,1.939766662
555,1.939272199
556,1.939173527
557,1.939623837
558,1.938456062
559,1.93863275
560,1.93897431
561,1.938563444
562,1.938964149
563,1.939727198
564,1.939044082
565,1.937700868
566,1.938788018
567,1.938552383
568,1.933942767
569,1.935717334
570,1.935512027
571,1.935653459
572,1.936243535
573,1.937369946
574,1.937501192
575,1.93786167
576,1.938789025
577,1.938394443
578,1.937937216
579,1.937659171
580,1.938189693
581,1.937451175
582,1.937725268
583,1.938571006
584,1.939133837
585,1.938209275
586,1.93785785
587,1.938345516
588,1.937658344
589,1.938084338
590,1.939433315
591,1.940321935
592,1.936625032
593,1.939392939
594,1.932032357
595,1.926433023
596,1.935620326
597,1.93724057
598,1.937984034
599,1.937930458
600,1.937491188
601,1.937408082
602,1.936415098
603,1.937527833
604,1.936672847
605,1.936927047
606,1.937612728
607,1.940071012
608,1.937779506
609,1.937420883
610,1.937344478
611,1.937994392
612,1.937311757
613,1.937758218
614,1.93808653
615,1.937361785
616,1.93681683
617,1.934794426
618,1.936289644
619,1.935588712
620,1.934568152
621,1.934667151
622,1.93420336
623,1.93483821
624,1.935180068
625,1.937286371
626,1.937844229
627,1.938578209
628,1.937891702
629,1.936599914
630,1.937114175
631,1.936161524
632,1.937573567
633,1.9365344
634,1.936578144
635,1.937778628
636,1.93852918
637,1.936470502
638,1.937325434
639,1.937371653
640,1.938263473
641,1.938718141
642,1.934396947
643,1.935787084
644,1.933736759
645,1.930802249
646,1.929977763
647,1.930193699
648,1.932061711
649,1.932791621
650,1.935084301
651,1.93535503
652,1.933657367
653,1.934088836
654,1.93372617
655,1.934047871
656,1.934771741
657,1.933469876
658,1.933590359
659,1.934372611
660,1.933615928
661,1.934006651
662,1.934543692
663,1.933750833
664,1.933391614
665,1.933266717
666,1.932032454
667,1.93070436
668,1.92923542
669,1.932508671
670,1.925602539
671,1.925652775
672,1.926216619
673,1.92777584
674,1.928606176
675,1.930845048
676,1.931936876
677,1.931994584
678,1.931011088
679,1.931131156
680,1.930439525
681,1.930940755
682,1.930419202
683,1.930444718
684,1.929868005
685,1.930547732
686,1.92941696
687,1.929465948
688,1.929766919
689,1.929669831
690,1.92962944
691,1.927405537
692,1.925542971
693,1.923632268
694,1.923327971
695,1.925030646
696,1.924650313
697,1.917468921
698,1.925682406
699,1.925146406
700,1.928641014
701,1.928109207
702,1.927482066
703,1.92817921
704,1.928302742
705,1.927907315
706,1.927483176
707,1.928213257
708,1.92799096
709,1.928689107
710,1.928506047
711,1.928335057
712,1.927914334
713,1.928548657
714,1.927974884
715,1.927042415
716,1.924487189
717,1.926364092
718,1.922100438
719,1.919579554
720,1.921107825
721,1.921818944
722,1.921073554
723,1.924242416
724,1.925580626
725,1.926993628
726,1.926985936
727,1.927282808
728,1.927688068
729,1.927419251
730,1.927629225
731,1.927254201
732,1.927727321
733,1.927929824
734,1.927040271
735,1.928266093
736,1.92803174
737,1.928239283
738,1.928511546
739,1.927674143
740,1.927083405
741,1.928633302
742,1.925194066
743,1.921909155
744,1.919256725
745,1.918139516
746,1.922109496
747,1.920762538
748,1.924524463
749,1.92407999
750,1.9270262
751,1.927433787
752,1.927168154
753,1.927818856
754,1.92794224
755,1.927863455
756,1.928111739
757,1.927651964
758,1.927482083
759,1.928146012
760,1.928597284
761,1.928828472
762,1.927350538
763,1.928307099
764,1.928256403
765,1.928825597
766,1.924405938
767,1.924521193
768,1.922540711
769,1.922262303
770,1.920714415
771,1.913961428
772,1.915853313
773,1.920816625
774,1.923113965
775,1.925168165
776,1.925206688
777,1.92470744
778,1.925803296
779,1.925225929
780,1.925355748
781,1.924891519
782,1.925643919
783,1.92529803
784,1.92614692
785,1.927147835
786,1.92523359
787,1.926087146
788,1.925226611
789,1.925490369
790,1.92575709
791,1.926550953
792,1.920123221
793,1.915206834
794,1.923530827
795,1.912419965
796,1.919242063
797,1.923019541
798,1.921675579
799,1.921899783
800,1.923592648
801,1.92319544
802,1.92326541
803,1.923632701
804,1.923454231
805,1.923207406
806,1.923707636
807,1.923037326
808,1.923471722
809,1.923294447
810,1.92289462
811,1.923028332
812,1.922937829
813,1.923037928
814,1.923069963
815,1.922770819
816,1.921619702
817,1.921716391
818,1.921447379
819,1.921998137
820,1.917894321
821,1.92231251
822,1.921574969
823,1.921084833
824,1.92091574
825,1.921764143
826,1.921807521
827,1.922506555
828,1.921974564
829,1.921565371
830,1.921921065
831,1.921847323
832,1.922134265
833,1.92220854
834,1.921915828
835,1.923051689
836,1.921439859
837,1.921123293
838,1.920912547
839,1.921120828
840,1.923540326
841,1.913533716
842,1.913869683
843,1.913644413
844,1.912336098
845,1.914139352
846,1.912386344
847,1.916469905
848,1.917378953
849,1.916903314
850,1.920372247
851,1.920024526
852,1.920032966
853,1.919860791
854,1.919448332
855,1.919122201
856,1.91913128
857,1.91883165
858,1.918283815
859,1.918433017
860,1.919741127
861,1.918388343
862,1.919106061
863,1.918866678
864,1.918870012
865,1.912351446
866,1.90981573
867,1.908531253
868,1.908017681
869,1.906336067
870,1.916630782
871,1.908273738
872,1.914416751
873,1.916932366
874,1.917518738
875,1.917156305
876,1.916717397
877,1.915717101
878,1.916008986
879,1.91677407
880,1.916757108
881,1.916535272
882,1.916790589
883,1.915745891
884,1.916700977
885,1.916852669
886,1.917154867
887,1.91723824
888,1.918037988
889,1.917476849
890,1.917507809
891,1.916558171
892,1.914124664
893,1.915115476
894,1.912822397
895,1.914728702
896,1.911664912
897,1.908272758
898,1.918446554
899,1.91477176
900,1.917549775
901,1.918033868
902,1.919113089
903,1.918449876
904,1.919272179
905,1.919093025
906,1.920124972
907,1.918796398
908,1.919311028
909,1.91965025
910,1.920276033
911,1.920048571
912,1.92002501
913,1.920457617
914,1.919900412
915,1.91866509
916,1.919657212
917,1.911467382
918,1.914118645
919,1.910845416
920,1.915164375
921,1.914332556
922,1.910451979
923,1.91315359
924,1.914213149
925,1.917640353
926,1.91783678
927,1.917150104
928,1.917344728
929,1.917825965
930,1.917579535
931,1.918112852
932,1.91806992
933,1.916924365
934,1.916797499
935,1.917438931
936,1.917492104
937,1.917706457
938,1.918680307
939,1.917227425
940,1.924590668
941,1.918183597
942,1.91176409
943,1.911618361
944,1.912643411
945,1.908057757
946,1.91072928
947,1.91175908
948,1.914472635
949,1.914824296
950,1.916176544
951,1.915542659
952,1.91568043
953,1.915409544
954,1.915577693
955,1.915028349
956,1.915057746
957,1.915332878
958,1.914798728
959,1.91486418
960,1.917128612
961,1.91505238
962,1.914606196
963,1.914799297
964,1.914823799
965,1.914551169
966,1.913878306
967,1.91310017
968,1.914080313
969,1.914664995
970,1.913780526
971,1.912796837
972,1.914079578
973,1.91418084
974,1.914006265
975,1.913904267
976,1.91440734
977,1.913969446
978,1.913639292
979,1.913748228
980,1.91378709
981,1.914111127
982,1.914181126
983,1.914730755
984,1.914083802
985,1.915408543
986,1.914784557
987,1.913749745
988,1.913905182
989,1.913674372
990,1.912901376
991,1.913989818
992,1.909732745
993,1.910264155
994,1.906309826
995,1.91072883
996,1.911329081
997,1.91066646
998,1.910593251
999,1.911270485
1000,1.912539533
1001,1.911761136
1002,1.912538889
1003,1.911281965
1004,1.910570154
1005,1.91070273
1006,1.910938048
1007,1.911053621
1008,1.911073945
1009,1.911364887
1010,1.912152122
1011,1.911631627
1012,1.911538984
1013,1.912083632
1014,1.912006243
1015,1.912936071
1016,1.911179417
1017,1.909556412
1018,1.909859869
1019,1.911221146
1020,1.909023649
1021,1.906447893
1022,1.908393634
1023,1.909615225
1024,1.909631066
1025,1.912153184
1026,1.911883701
1027,1.912725305
1028,1.912557436
1029,1.913655907
1030,1.913032667
1031,1.913985727
1032,1.913005138
1033,1.913582252
1034,1.913989531
1035,1.913616593
1036,1.914651907
1037,1.914134941
1038,1.914119183
1039,1.913897214
1040,1.918717801
1041,1.910280621
1042,1.909198673
1043,1.903033932
1044,1.908070802
1045,1.904767215
1046,1.904998239
1047,1.909259485
1048,1.909442815
1049,1.911270194
1050,1.912694103
1051,1.912594448
1052,1.911298688
1053,1.911241166
1054,1.912331829
1055,1.912262733
1056,1.911777263
1057,1.912994916
1058,1.912390435
1059,1.912478564
1060,1.913332116
1061,1.911777417
1062,1.912611827
1063,1.912504159
1064,1.91224256
1065,1.91224874
1066,1.909334374
1067,1.911141291
1068,1.907285374
1069,1.905191977
1070,1.908335179
1071,1.905483379
1072,1.908670555
1073,1.910474242
1074,1.909342907
1075,1.910758784
1076,1.911022028
1077,1.91111774
1078,1.910492298
1079,1.910135477
1080,1.910290985
1081,1.909287734
1082,1.909645126
1083,1.909411287
1084,1.909843359
1085,1.909038172
1086,1.909079478
1087,1.909766936
1088,1.909568381
1089,1.909093138
1090,1.906363377
1091,1.904165647
1092,1.908698086
1093,1.913127374
1094,1.913841131
1095,1.89890238
1096,1.909393112
1097,1.908356981
1098,1.908309845
1099,1.907843914
1100,1.90815388
1101,1.908272181
1102,1.908586188
1103,1.908143238
1104,1.907583412
1105,1.907335718
1106,1.90738112
1107,1.907566041
1108,1.906771315
1109,1.907047109
1110,1.90763586
1111,1.907729689
1112,1.907723553
1113,1.907819589
1114,1.907284919
1115,1.906793091
1116,1.906962839
1117,1.903087347
1118,1.899963443
1119,1.90815841
1120,1.906128139
1121,1.905531961
1122,1.906430404
1123,1.905591716
1124,1.905056122
1125,1.905820696
1126,1.90581561
1127,1.905190808
1128,1.903278692
1129,1.905954178
1130,1.906804088
1131,1.906685261
1132,1.906784571
1133,1.906221066
1134,1.905315748
1135,1.906172693
1136,1.90672164
1137,1.906438072
1138,1.906836631
1139,1.906572649
1140,1.906824222
1141,1.903317762
1142,1.901854497
1143,1.901581474
1144,1.90318471
1145,1.90176902
1146,1.896938388
1147,1.899238322
1148,1.903831789
1149,1.904694335
1150,1.905055304
1151,1.90492713
1152,1.905558892
1153,1.905168695
1154,1.905295859
1155,1.904981654
1156,1.904676032
1157,1.904636103
1158,1.904832458
1159,1.904155875
1160,1.904911801
1161,1.904110238
1162,1.904795245
1163,1.904272266
1164,1.903376236
1165,1.903369989
1166,1.903244057
1167,1.904274908
1168,1.903165711
1169,1.897146496
1170,1.89560076
1171,1.901430788
1172,1.901879824
1173,1.903024517
1174,1.903354252
1175,1.903630761
1176,1.90325656
1177,1.903313134
1178,1.902550851
1179,1.903146438
1180,1.902911444
1181,1.902717208
1182,1.902296512
1183,1.902590326
1184,1.902462978
1185,1.902093917
1186,1.902087028
1187,1.902455508
1188,1.901723445
1189,1.902625766
1190,1.901706552
1191,1.901293349
1192,1.901353326
1193,1.901223252
1194,1.897066884
1195,1.895588382
1196,1.897313916
1197,1.897639567
1198,1.902677451
1199,1.901841967
1200,1.902719838
1201,1.903485351
1202,1.903403967
1203,1.903857259
1204,1.903922203
1205,1.903176647
1206,1.903661055
1207,1.904167237
1208,1.903000769
1209,1.904007326
1210,1.904440859
1211,1.904391388
1212,1.903679298
1213,1.904063903
1214,1.903291026
1215,1.903801585
1216,1.903867842
1217,1.892504655
1218,1.8898509
1219,1.893658405
1220,1.895495058
1221,1.896447571
1222,1.897217454
1223,1.902924758
1224,1.902604288
1225,1.903093163
1226,1.903203498
1227,1.902506628
1228,1.903064238
1229,1.901674979
1230,1.903539936
1231,1.902872667
1232,1.902892392
1233,1.902855342
1234,1.902958813
1235,1.90231536
1236,1.902842309
1237,1.902142009
1238,1.901915989
1239,1.90236216
1240,1.90146745
1241,1.898366058
1242,1.898879327
1243,1.898940181
1244,1.897533329
1245,1.899840076
1246,1.891028039
1247,1.897625161
1248,1.900767793
1249,1.900799149
1250,1.90118375
1251,1.901339028
1252,1.9007953
1253,1.900816806
1254,1.900500902
1255,1.900547745
1256,1.900472384
1257,1.901009022
1258,1.901060777
1259,1.900824367
1260,1.900305313
1261,1.900172092
1262,1.900723333
1263,1.901374279
1264,1.901352705
1265,1.900578908
1266,1.901606675
1267,1.900183327
1268,1.895914558
1269,1.894042158
1270,1.896671377
1271,1.898538931
1272,1.899311448
1273,1.899295002
1274,1.899303311
1275,1.899319329
1276,1.900791514
1277,1.901104564
1278,1.900967791
1279,1.901198631
1280,1.901167038
1281,1.900990626
1282,1.900960967
1283,1.900979276
1284,1.900778778
1285,1.901696601
1286,1.900864577
1287,1.901659362
1288,1.901282902
1289,1.901869833
1290,1.901608144
1291,1.902539461
1292,1.899387159
1293,1.902340596
1294,1.899636506
1295,1.890683889
1296,1.89248164
1297,1.895884921
1298,1.901255146
1299,1.90126039
1300,1.901391362
1301,1.9012825
1302,1.902622533
1303,1.902124814
1304,1.903317182
1305,1.901777178
1306,1.90252421
1307,1.902376878
1308,1.90294762
1309,1.902226045
1310,1.902524448
1311,1.903288563
1312,1.902215486
1313,1.903164554
1314,1.902475924
1315,1.902425037
1316,1.905483687
1317,1.901454159
1318,1.900574231
1319,1.898750741
1320,1.90100925
1321,1.896108899
1322,1.900482585
1323,1.9021734
1324,1.901672754
1325,1.902878443
1326,1.902875876
1327,1.903195116
1328,1.901812225
1329,1.902906211
1330,1.903207484
1331,1.903107988
1332,1.902118467
1333,1.902664525
1334,1.902863061
1335,1.902498865
1336,1.90267334
1337,1.901880789
1338,1.903365245
1339,1.90303353
1340,1.902000609
1341,1.899472161
1342,1.89566624
1343,1.891683327
1344,1.899718094
1345,1.898119818
1346,1.899311789
1347,1.899779648
1348,1.899946975
1349,1.900018595
1350,1.899920624
1351,1.900053286
1352,1.899371149
1353,1.899148882
1354,1.899170606
1355,1.899541286
1356,1.900174237
1357,1.898308097
1358,1.897736887
1359,1.898369455
1360,1.897471431
1361,1.896781999
1362,1.897177928
1363,1.897004779
1364,1.896728844
1365,1.896431504
1366,1.896309647
1367,1.89260484
1368,1.894696054
1369,1.895036023
1370,1.894787302
1371,1.894194698
1372,1.896391105
1373,1.896664065
1374,1.896820056
1375,1.89729669
1376,1.897733993
1377,1.898159227
1378,1.898603506
1379,1.898636019
1380,1.8987141
1381,1.899004588
1382,1.899593822
1383,1.899547527
1384,1.900431208
1385,1.900022684
1386,1.90017861
1387,1.901376224
1388,1.900432082
1389,1.899797833
1390,1.900873108
1391,1.90080044
1392,1.896069763
1393,1.898506336
1394,1.902491254
1395,1.899443696
1396,1.891620415
1397,1.891187262
1398,1.899477491
1399,1.899420935
1400,1.90035012
1401,1.90144059
1402,1.900984659
1403,1.900968597
1404,1.899340361
1405,1.901643729
1406,1.901007434
1407,1.901444904
1408,1.900946997
1409,1.90102144
1410,1.900835711
1411,1.899372711
1412,1.901525494
1413,1.899243049
1414,1.901908661
1415,1.901416811
1416,1.899992963
1417,1.897780207
1418,1.897708169
1419,1.899078385
1420,1.898008523
1421,1.898618361
1422,1.898580055
1423,1.898797602
1424,1.899121136
1425,1.899274392
1426,1.899315984
1427,1.899709051
1428,1.899600234
1429,1.899802667
1430,1.898718155
1431,1.89889059
1432,1.899949642
1433,1.900112355
1434,1.900648972
1435,1.900047263
1436,1.900847585
1437,1.900455795
1438,1.900222184
1439,1.900809658
1440,1.899992025
1441,1.89869333
1442,1.894898502
1443,1.893349397
1444,1.890466787
1445,1.894189727
1446,1.891886415
1447,1.897018664
1448,1.898128414
1449,1.898589694
1450,1.898800829
1451,1.899753505
1452,1.900301914
1453,1.898841534
1454,1.898482157
1455,1.900004338
1456,1.900324374
1457,1.899143856
1458,1.89810679
1459,1.898790367
1460,1.899032184
1461,1.898010498
1462,1.898262731
1463,1.898360661
1464,1.899454237
1465,1.898438489
1466,1.899435716
1467,1.89106027
1468,1.895449899
1469,1.900418012
1470,1.888584365
1471,1.893301373
1472,1.894006213
1473,1.897105765
1474,1.897378638
1475,1.897924593
1476,1.897263924
1477,1.89732839
1478,1.897287989
1479,1.897260248
1480,1.897108574
1481,1.897095569
1482,1.897338992
1483,1.89714926
1484,1.897458019
1485,1.898743247
1486,1.899216694
1487,1.898325422
1488,1.899243447
1489,1.898214189
1490,1.898020089
1491,1.89742763
1492,1.895405443
1493,1.896291823
1494,1.890180141
1495,1.893301478
1496,1.894265139
1497,1.893337149
1498,1.897368466
1499,1.897010154
1500,1.898335431
1501,1.89814085
1502,1.898447591
1503,1.899000316
1504,1.899437574
1505,1.899280224
1506,1.898995851
1507,1.898428088
1508,1.898886415
1509,1.898758649
1510,1.899675599
1511,1.899050141
1512,1.900013313
1513,1.899741195
1514,1.900080482
1515,1.8997409
1516,1.897128581
1517,1.890471863
1518,1.896369024
1519,1.889301015
1520,1.892183125
1521,1.893810263
1522,1.893410104
1523,1.897848531
1524,1.8975532
1525,1.898909338
1526,1.898066401
1527,1.900018986
1528,1.899590146
1529,1.898431825
1530,1.898346487
1531,1.898658145
1532,1.899835197
1533,1.898756573
1534,1.89926663
1535,1.899585796
1536,1.89940802
1537,1.899784143
1538,1.899721805
1539,1.900218212
1540,1.898450395
1541,1.897656305
1542,1.892465742
1543,1.891750749
1544,1.892427445
1545,1.896108734
1546,1.892093334
1547,1.893847389
1548,1.898425316
1549,1.898814135
1550,1.898491956
1551,1.898789531
1552,1.899317996
1553,1.898661737
1554,1.899563125
1555,1.897150531
1556,1.898320753
1557,1.897396582
1558,1.897924162
1559,1.898030403
1560,1.897273683
1561,1.897149706
1562,1.897958769
1563,1.897550105
1564,1.896921775
1565,1.897137237
1566,1.89524702
1567,1.893457406
1568,1.89304408
1569,1.892485368
1570,1.893490458
1571,1.894397747
1572,1.893526929
1573,1.896663342
1574,1.896083406
1575,1.896829226
1576,1.896802877
1577,1.896555202
1578,1.896279747
1579,1.895424349
1580,1.896429549
1581,1.895361544
1582,1.89644017
1583,1.896475744
1584,1.897308281
1585,1.897625435
1586,1.8975025
1587,1.897825673
1588,1.896610227
1589,1.896457752
1590,1.896572958
1591,1.896362953
1592,1.895841837
1593,1.892039575
1594,1.888336281
1595,1.893865991
1596,1.894671631
1597,1.894184986
1598,1.896668675
1599,1.897035053
1600,1.897025734
1601,1.897869573
1602,1.898151124
1603,1.898330761
1604,1.898429934
1605,1.89946306
1606,1.89715789
1607,1.8979638
1608,1.898597567
1609,1.898628653
1610,1.898624866
1611,1.898578799
1612,1.898092284
1613,1.898759771
1614,1.897794128
1615,1.896194781
1616,1.891372782
1617,1.885192258
1618,1.891774173
1619,1.894928145
1620,1.88985756
1621,1.893829045
1622,1.893054131
1623,1.895794816
1624,1.896318507
1625,1.895863525
1626,1.895754071
1627,1.896088918
1628,1.895704375
1629,1.895699229
1630,1.895103031
1631,1.895078175
1632,1.895056431
1633,1.894950067
1634,1.895192734
1635,1.894712238
1636,1.894950802
1637,1.894365476
1638,1.894430579
1639,1.894601029
1640,1.893750434
1641,1.894217334
1642,1.890587181
1643,1.896240391
1644,1.895833199
1645,1.895706657
1646,1.895832991
1647,1.89671465
1648,1.896362718
1649,1.896539566
1650,1.896390925
1651,1.897115338
1652,1.895904485
1653,1.895931211
1654,1.896299368
1655,1.896304745
1656,1.896709641
1657,1.896684308
1658,1.895906565
1659,1.896714163
1660,1.895313722
1661,1.886798265
1662,1.886809088
1663,1.893079241
1664,1.896282635
1665,1.896068015
1666,1.896139257
1667,1.896596644
1668,1.896679013
1669,1.896694569
1670,1.896259877
1671,1.896671665
1672,1.897236627
1673,1.896719462
1674,1.897700292
1675,1.897734423
1676,1.897670509
1677,1.898264396
1678,1.898328163
1679,1.897924018
1680,1.898141545
1681,1.897697331
1682,1.89867188
1683,1.894059652
1684,1.895647368
1685,1.89730946
1686,1.895978256
1687,1.894071384
1688,1.888432636
1689,1.89291651
1690,1.896971442
1691,1.897197903
1692,1.897432792
1693,1.89754895
1694,1.897177315
1695,1.89777895
1696,1.897849316
1697,1.897655728
1698,1.898714325
1699,1.898403264
1700,1.898880225
1701,1.898519103
1702,1.898190728
1703,1.899727808
1704,1.898214769
1705,1.898474745
1706,1.898694088
1707,1.89906213
1708,1.897937437
1709,1.889634864
1710,1.889578213
1711,1.882724743
1712,1.88945089
1713,1.891206929
1714,1.892313065
1715,1.896355613
1716,1.896392055
1717,1.896153186
1718,1.896462268
1719,1.896624145
1720,1.89738436
1721,1.89556112
1722,1.896497089
1723,1.896292832
1724,1.896318001
1725,1.896862902
1726,1.895620601
1727,1.896137246
1728,1.896140311
1729,1.896169605
1730,1.896099249
1731,1.896427684
1732,1.896324434
1733,1.894847212
1734,1.895018002
1735,1.893613484
1736,1.892131358
1737,1.890412925
1738,1.892311632
1739,1.892049462
1740,1.894851001
1741,1.895128439
1742,1.895373221
1743,1.895755506
1744,1.895342174
1745,1.895892662
1746,1.895202428
1747,1.894803649
1748,1.895366469
1749,1.895710746
1750,1.895457064
1751,1.895266405
1752,1.895193341
1753,1.895973982
1754,1.895194633
1755,1.895478587
1756,1.896288149
1757,1.895857108
1758,1.893474619
1759,1.890228048
1760,1.886314684
1761,1.886536037
1762,1.894396483
1763,1.894033652
1764,1.893290195
1765,1.893869118
1766,1.894289675
1767,1.894622262
1768,1.895029325
1769,1.895121943
1770,1.894663975
1771,1.895384094
1772,1.895177522
1773,1.894764183
1774,1.895761258
1775,1.895971751
1776,1.895864356
1777,1.896588148
1778,1.897439138
1779,1.896655116
1780,1.897271372
1781,1.896835796
1782,1.897326617
1783,1.896963236
1784,1.895609794
1785,1.891453667
1786,1.890154241
1787,1.894065471
1788,1.891843609
1789,1.890951775
1790,1.896357233
1791,1.897335299
1792,1.897698361
1793,1.89753536
1794,1.897809204
1795,1.897523223
1796,1.897196789
1797,1.898705901
1798,1.898894302
1799,1.897688734
1800,1.898910964
1801,1.897665497
1802,1.898379222
1803,1.898188669
1804,1.897813115
1805,1.898176096
1806,1.899368195
1807,1.898430371
1808,1.89725651
1809,1.892130241
1810,1.892283269
1811,1.890710665
1812,1.887854773
1813,1.885641146
1814,1.890681515
1815,1.895322571
1816,1.895997129
1817,1.89616329
1818,1.896333083
1819,1.896533127
1820,1.895776469
1821,1.896233131
1822,1.895994436
1823,1.895551166
1824,1.896207971
1825,1.896554932
1826,1.895717729
1827,1.897509984
1828,1.897402991
1829,1.895962677
1830,1.896025843
1831,1.896871904
1832,1.896151601
1833,1.896326208
1834,1.89127426
1835,1.888882091
1836,1.892392193
1837,1.88883855
1838,1.892000385
1839,1.890659195
1840,1.89480665
1841,1.895118633
1842,1.895053449
1843,1.895852372
1844,1.89539859
1845,1.895960348
1846,1.8958602
1847,1.89451986
1848,1.896659185
1849,1.895833969
1850,1.896673773
1851,1.896564254
1852,1.897083958
1853,1.896349574
1854,1.896074626
1855,1.896390797
1856,1.896432926
1857,1.895445147
1858,1.894332335
1859,1.895564105
1860,1.890623387
1861,1.892580344
1862,1.892216815
1863,1.890219297
1864,1.892238657
1865,1.894588378
1866,1.894973196
1867,1.894989478
1868,1.895619952
1869,1.896395238
1870,1.895980727
1871,1.895872748
1872,1.896241434
1873,1.896320018
1874,1.896506855
1875,1.896765179
1876,1.897212687
1877,1.899112513
1878,1.898526896
1879,1.897066854
1880,1.896591072
1881,1.898234234
1882,1.897708405
1883,1.895345202
1884,1.89340386
1885,1.893916305
1886,1.887927551
1887,1.88874838
1888,1.887657343
1889,1.889752093
1890,1.895480956
1891,1.895881826
1892,1.894941765
1893,1.895863757
1894,1.895097937
1895,1.894889537
1896,1.894734774
1897,1.896447106
1898,1.895446832
1899,1.8955489
1900,1.896735416
1901,1.89666272
1902,1.896510036
1903,1.897035536
1904,1.894864695
1905,1.895952864
1906,1.896549407
1907,1.895505734
1908,1.894915216
1909,1.890051588
1910,1.892532488
1911,1.883593888
1912,1.892235134
1913,1.889420623
1914,1.88998382
1915,1.894337159
1916,1.894308692
1917,1.893999709
1918,1.894831821
1919,1.895078162
1920,1.893985057
1921,1.893571456
1922,1.893599237
1923,1.893893861
1924,1.89401983
1925,1.894275996
1926,1.894112951
1927,1.894583217
1928,1.894956622
1929,1.895231039
1930,1.896009764
1931,1.896518645
1932,1.895594195
1933,1.894935982
1934,1.891499912
1935,1.892066767
1936,1.883927573
1937,1.889927166
1938,1.887595619
1939,1.891184166
1940,1.894446195
1941,1.895448996
1942,1.895563925
1943,1.895835432
1944,1.896294681
1945,1.896594416
1946,1.896011489
1947,1.896170768
1948,1.896135822
1949,1.89680355
1950,1.896509621
1951,1.897472194
1952,1.897115557
1953,1.896875976
1954,1.897743118
1955,1.8976339
1956,1.8972303
1957,1.896987252
1958,1.89446551
1959,1.893832216
1960,1.893825719
1961,1.892004493
1962,1.89266858
1963,1.891312399
1964,1.891445691
1965,1.895541468
1966,1.897067424
1967,1.896740203
1968,1.897235747
1969,1.89718449
1970,1.896651414
1971,1.896416162
1972,1.896555438
1973,1.89722604
1974,1.896943405
1975,1.897171573
1976,1.897567008
1977,1.896964942
1978,1.898044435
1979,1.89768959
1980,1.89904099
1981,1.898319825
1982,1.897562156
1983,1.897689829
1984,1.894093579
1985,1.899408504
1986,1.888937814
1987,1.890621033
1988,1.884315258
1989,1.892652238
1990,1.896102327
1991,1.897382319
1992,1.897597354
1993,1.896746476
1994,1.896116205
1995,1.896521186
1996,1.896343963
1997,1.896300807
1998,1.896214084
1999,1.896516251
2000,1.896286218
2001,1.896948511
2002,1.896140996
2003,1.897618691
2004,1.897067602
2005,1.896693513
2006,1.896545941
2007,1.896230985
2008,1.897009468
2009,1.896147502
2010,1.891106286
2011,1.887912392
2012,1.883954143
2013,1.88997511
2014,1.89201282
2015,1.894895744
2016,1.897164444
2017,1.897217391
2018,1.896390735
2019,1.896121328
2020,1.896095717
2021,1.896692133
2022,1.896401775
2023,1.897109665
2024,1.895579493
2025,1.897426639
2026,1.896032639
2027,1.895920935
2028,1.896191961
2029,1.896146703
2030,1.896116881
2031,1.896775975
2032,1.895961312
2033,1.895494957
2034,1.895456563
2035,1.894601393
2036,1.895214443
2037,1.894326861
2038,1.893459007
2039,1.895411
2040,1.895569496
2041,1.895675615
2042,1.895138355
2043,1.895560292
2044,1.895484787
2045,1.895816495
2046,1.895602334
2047,1.896417378
2048,1.895619422
2049,1.895383999
2050,1.895808764
2051,1.895223315
2052,1.895651421
2053,1.895214978
2054,1.895142532
2055,1.895288008
2056,1.896076162
2057,1.894913102
2058,1.895635213
2059,1.894277662
2060,1.892803744
2061,1.893931354
2062,1.894187677
2063,1.894678716
2064,1.894262613
2065,1.895255184
2066,1.895194118
2067,1.895199752
2068,1.896289152
2069,1.895600361
2070,1.89578061
2071,1.895331699
2072,1.896227749
2073,1.89548035
2074,1.896406135
2075,1.896088232
2076,1.896234745
2077,1.896479692
2078,1.896379601
2079,1.896614312
2080,1.896777368
2081,1.896438103
2082,1.896826888
2083,1.895534726
2084,1.89317257
2085,1.891551049
2086,1.889136783
2087,1.891321652
2088,1.890142778
2089,1.891449985
2090,1.896153456
2091,1.896732277
2092,1.896836459
2093,1.897446768
2094,1.89717107
2095,1.897001072
2096,1.897075657
2097,1.897937563
2098,1.89781844
2099,1.897337812
2100,1.897715205
2101,1.897469974
2102,1.897392629
2103,1.898251997
2104,1.898331167
2105,1.897639097
2106,1.89773387
2107,1.896763364
2108,1.895793625
2109,1.888662426
2110,1.89026974
2111,1.890946961
2112,1.891732697
2113,1.889832003
2114,1.889989438
2115,1.895198114
2116,1.895674255
2117,1.895201197
2118,1.895853934
2119,1.895651282
2120,1.895525811
2121,1.895593514
2122,1.8958181
2123,1.895348696
2124,1.896481965
2125,1.895565394
2126,1.89569938
2127,1.895915683
2128,1.89646456
2129,1.896859507
2130,1.895304773
2131,1.895249356
2132,1.895898299
2133,1.897367803
2134,1.89258415
2135,1.894182901
2136,1.889533836
2137,1.891137466
2138,1.892151526
2139,1.890985761
2140,1.894068611
2141,1.894708573
2142,1.89534402
2143,1.8950878
2144,1.89523553
2145,1.894954946
2146,1.895999453
2147,1.895523914
2148,1.895721069
2149,1.896265936
2150,1.896009257
2151,1.895696315
2152,1.895625221
2153,1.895799729
2154,1.895463512
2155,1.896834178
2156,1.897089858
2157,1.896124475
2158,1.895896624
2159,1.891337704
2160,1.888594747
2161,1.887031534
2162,1.89187163
2163,1.88571169
2164,1.892424674
2165,1.895179935
2166,1.895706601
2167,1.895376943
2168,1.895534555
2169,1.894443994
2170,1.895717403
2171,1.894979974
2172,1.895337461
2173,1.894835915
2174,1.895232766
2175,1.89513457
2176,1.895427707
2177,1.894919541
2178,1.895295283
2179,1.895721912
2180,1.895880032
2181,1.894728471
2182,1.894997666
2183,1.89671276
2184,1.88920014
2185,1.888991215
2186,1.890713185
2187,1.8892958
2188,1.88489818
2189,1.889910953
2190,1.894101884
2191,1.894510054
2192,1.894499489
2193,1.894844737
2194,1.89527918
2195,1.895302805
2196,1.895948145
2197,1.8942332
2198,1.893769548
2199,1.895648832
2200,1.894620111
2201,1.896176096
2202,1.894666097
2203,1.894279947
2204,1.894752742
2205,1.895239568
2206,1.894714233
2207,1.895567251
2208,1.8956539
2209,1.888111202
2210,1.887020583
2211,1.883771128
2212,1.887911639
2213,1.888504321
2214,1.890233863
2215,1.893221068
2216,1.893577707
2217,1.893231721
2218,1.894175298
2219,1.894019088
2220,1.89335404
2221,1.893736482
2222,1.894317169
2223,1.8931576
2224,1.89363183
2225,1.894391687
2226,1.893943601
2227,1.894360142
2228,1.894268022
2229,1.893511272
2230,1.893617131
2231,1.894479235
2232,1.893792253
2233,1.891884394
2234,1.889539224
2235,1.891357209
2236,1.886806371
2237,1.889017232
2238,1.888082355
2239,1.889259153
2240,1.892359842
2241,1.892844489
2242,1.892535694
2243,1.891701136
2244,1.893774493
2245,1.892198454
2246,1.892192893
2247,1.891703163
2248,1.89263791
2249,1.892219084
2250,1.893182206
2251,1.893500096
2252,1.892766815
2253,1.893293734
2254,1.893712758
2255,1.893153665
2256,1.892676126
2257,1.893218753
2258,1.890902448
2259,1.888618277
2260,1.886045436
2261,1.886687713
2262,1.887451068
2263,1.887300152
2264,1.889182431
2265,1.891703025
2266,1.891851795
2267,1.892009679
2268,1.892489666
2269,1.89227042
2270,1.89205808
2271,1.891485284
2272,1.891092411
2273,1.891506076
2274,1.891904787
2275,1.891699446
2276,1.891435489
2277,1.891557143
2278,1.892394729
2279,1.893172916
2280,1.893215272
2281,1.893592697
2282,1.89327963
2283,1.891375225
2284,1.891382555
2285,1.890079331
2286,1.88725986
2287,1.887602404
2288,1.889500417
2289,1.887345675
2290,1.891718131
2291,1.892449688
2292,1.89265938
2293,1.893383103
2294,1.893271056
2295,1.893595369
2296,1.892598874
2297,1.893139812
2298,1.893509502
2299,1.893580103
2300,1.893052019
2301,1.894658867
2302,1.894995827
2303,1.894670647
2304,1.89461959
2305,1.895402161
2306,1.894419715
2307,1.894239478
2308,1.891550642
2309,1.889077593
2310,1.881237803
2311,1.885137964
2312,1.889128655
2313,1.886369811
2314,1.884784172
2315,1.892203035
2316,1.892093155
2317,1.892109433
2318,1.893073199
2319,1.892234733
2320,1.891533986
2321,1.891688711
2322,1.891664894
2323,1.893031004
2324,1.894172298
2325,1.892379422
2326,1.893325123
2327,1.893964671
2328,1.893727367
2329,1.893868693
2330,1.892462558
2331,1.893119666
2332,1.893408545
2333,1.893621234
2334,1.890826185
2335,1.886967648
2336,1.885709618
2337,1.887346092
2338,1.885752591
2339,1.888139069
2340,1.892481868
2341,1.893218462
2342,1.893567914
2343,1.893853857
2344,1.893259596
2345,1.892896866
2346,1.894245857
2347,1.894226287
2348,1.893770975
2349,1.893508615
2350,1.893645543
2351,1.894155305
2352,1.893558945
2353,1.893707819
2354,1.893513919
2355,1.893634784
2356,1.893195169
2357,1.892600009
2358,1.89690344
2359,1.891010682
2360,1.892107075
2361,1.886360064
2362,1.887141962
2363,1.890453904
2364,1.889651647
2365,1.890926442
2366,1.891250101
2367,1.89124008
2368,1.891131862
2369,1.891331825
2370,1.891534346
2371,1.891021348
2372,1.891534932
2373,1.89115476
2374,1.890625021
2375,1.891339411
2376,1.890491005
2377,1.890793772
2378,1.89045825
2379,1.890471458
2380,1.890933689
2381,1.890269317
2382,1.890123674
2383,1.890105965
2384,1.89139257
2385,1.890892649
2386,1.889081901
2387,1.888726927
2388,1.890539109
2389,1.889764497
